,Unnamed: 0,tx_count,total_sent,total_fee,avg_fee,anomaly
2818,DAvq8asizt1dUDxmsuYwj1VHUiqubqkobeNMPXnxbJ3P,1,900000000000,15000,15000.0,-1
2602,8yvHN3WMyVWe7BNFscUAJhwdW5M3AfdY7if7PofTUJjg,1,400010000000,505000,505000.0,-1
3192,J48PfrV9TFqA53ocqEuk37EJRCrfwc9Fos8GaWJThqZW,1,200000000000,1032605,1032605.0,-1
1565,GxKVSNu4p9Qnp5H9Ar5iMSWHQLcF7vouKXLvgAGBm6Sq,1,186367292159,1434543,1434543.0,-1
816,Rt6yjaXEgo7EgjRXhuiEWBtakqSBQ6fBBYLs2oKYQ3p,1,186366688159,605000,605000.0,-1
656,BmFdpraQhkiDQE6SnfG5omcA1VwzqfXrwtNYBwWTymy6,3,172439054700,2130000,710000.0,-1
29,5tzFkiKscXHK5ZXCGbXZxdw7gTjjD1mBwuoFbhUvuAi9,47,163122013220,184237000,3919936.170212766,-1
883,5VCwKtCXgCJ6kit5FybXjvriW3xELsFDhYrPSqtJNmcD,21,144458124140,84105000,4005000.0,-1
3822,HeBiD5qxwbaLXP9WxNtTca7hT9czsXwz2rbi4ugtmyzd,1,122000000000,15000,15000.0,-1
663,GJRs4FwHtemZ5ZE9x3FNvJ8TMwitKTh21yxdRPqn7npE,16,108504141877,3280000,205000.0,-1
4078,BTLG71P7eH7hxT4MMv1DUaSkH6G2aYp7hRKqocjeYrSy,2,99100000000,610000,305000.0,-1
2581,7c1C4P8pEfjMhkRZNvCwMSUHUPi9GsE7wYLVKEraTh8N,1,99000000000,105000,105000.0,-1
1920,DUnDqgnEAa1QMyQUEDVoTNt7hSF1gEkHsv8MFTcEWLEA,1,90000000000,1208430,1208430.0,-1
3775,PUmpKiNnSVAZ3w4KaFX6jKSjXUNHFShGkXbERo54xjb,1,77799235045,10200,10200.0,-1
3309,9B3iTjJbSwgBYNq9uRZyRdh6WD7ugnCDBJDczxtP7W1K,1,68843170528,5000,5000.0,-1
2627,EafZStLJA6HkaTbFmFVWdAcN1LMYnNj9oos6qmx1NRTA,2,53900090000,10000,5000.0,-1
3673,4YQGTJdHJZTHN42d5T6nSpGU3i3zkiQkgQukkngi1hG8,13,53327400000,1365000,105000.0,-1
669,3HvzU9NjPHGPJRiKjhWtzJj2tpUEYvnd5Gd9BQJ2CY14,18,51192942818,4941996,274555.3333333333,-1
4116,Dptu1Eo6jYDFihnRWVU2ZFan1ps4rAsxELkCcREn3Wzy,1,47265487238,986262,986262.0,-1
2361,Em5jJgESj3zbXLtcuE2qeTAkfjiE8dLXgbuPwd2ayPLy,1,40000000000,15000,15000.0,-1
3075,GggVnV9mgfps3jPGRLdPdjAAo8HQwePs3dupXLCMG3se,1,36613121631,505000,505000.0,-1
497,GSoJY1RJ2m4VGS6QagTNxfddxDTEE4wZxh75JxF4SZXb,1,36000000000,5000,5000.0,-1
532,AC7XEyKGiyScRSqzRwHxGL8tRTeJ1CEJ54ogdkP5xBA9,1,33576209983,10017,10017.0,-1
3543,3m66qaQxud4feHs5VpZbN97qrxfdtxWje1TQrxNncQTv,1,31371583121,15000,15000.0,-1
4474,6n2TK3X5igbMWuyKtVEwRKj6ZHqbcmy8xBKZk9RBad85,1,31000000000,964315,964315.0,-1
395,ASTyfSima4LLAdDgoFGkgqoKowG1LZFDr9fAQrg7iaJZ,8,29917574000,37546250,4693281.25,-1
515,83VrzzZBmRCfQmJuSHCP9pjjHp5hzYxBFPXV8ZssrcaP,1,28234375293,5030,5030.0,-1
4171,AtrQma83fa1mSyDyDmubkkcTiDJBcuWwCRYXnq8ijTiT,1,25000000000,15000,15000.0,-1
2707,J9UXE9QamN6x5Vu54FBu1YcQcYDZFQwpdTyATbmD6vQB,1,24947395200,605000,605000.0,-1
2356,88Z3YLwjDMbCp7vnduSNmnK92zPWfMxdzatWSkZiuNeK,1,22000000000,15000,15000.0,-1
3188,7ks326H4LbMVaUC8nW5FpC5EoAf5eK5pf4Dsx4HDQLpq,1,21795460165,4856996,4856996.0,-1
271,H8sMJSCQxfKiFTCfDR3DUMLPwcRbM61LGFJ8N4dK3WjS,11,20828506136,1861000,169181.81818181818,-1
1253,DQRDk2h7RgDnpJRddx6E1dnCgzWRLyMNa9viGxu7T91L,1,20000000000,210000,210000.0,-1
2501,HNPEazrxtkHvo9BkovCHL2SkbvQFcrRpJ2zwBvXEW8qm,1,20000000000,15000,15000.0,-1
3761,Cv6kFL79hWuvaqHNvQ5bnAF8WQPKoreMBL7Gin2fWzVU,1,19999999985,4010001,4010001.0,-1
1252,AC5RDfQFmDS1deWZos921JfqscXdByf8BKHs5ACWjtW2,12,17217845380,4920000,410000.0,-1
1654,FWznbcNXWQuHTawe9RxvQ2LdCENssh12dsznf4RiouN5,6,16844771240,630000,105000.0,-1
3000,23s4NnPnM38EuYr6wXBHmmn3J5eJWL9FYcuxS78f2qi3,3,15001825925,1570001,523333.6666666667,-1
4250,2m6HpACqiduFaaQobtBcfFLjdcRKpV7LuVs3XSdDd6T9,1,15000000000,1670572,1670572.0,-1
3645,5s4fyLGYUCDLwcH2EVCgT41JjU23ivoUHkmvsDCeUqVS,1,15000000000,15000,15000.0,-1
1116,2GPipRZKqMSnSVBNh95TFTFpgisEzbhmmGXmEwNMQW1m,1,13999889500,113502,113502.0,-1
4478,DQ5JWbJyWdJeyBxZuuyu36sUBud6L6wo3aN1QC1bRmsR,1,13907252900,105000,105000.0,-1
992,H7X4sEVSkkxxseoDDATRrEk8ASzJb1dKfHeg9euzZQGZ,42,13717499998,226800,5400.0,-1
4381,7mMThGi3Qq8n2CV4c5Vb35SeWxfbmKbbqyCzrZr72epM,1,13000000000,15000,15000.0,-1
2170,9QhszfThF5cCudY5KzSTtTSHEtP4aZMG3g3X2ZGbLFVi,1,12700000000,15000,15000.0,-1
2187,Ga9FB3vciLspxAWMyg7oCxosbZz1jSDNkJU6jH68JRoG,1,12290086772,5006,5006.0,-1
3877,B5BBGwA9QcU4qYtzUwxYzzo8j5YYLH8vMmCBX6R6RVqV,1,11999999976,2085027,2085027.0,-1
3156,CAiYwQXUfTDQ6S2yvxvHePHrtbYKUoCZiiqXCaTNNHGQ,4,11996019700,20000,5000.0,-1
4291,FEdGNuYHXn5m7Mnb87vB34NYmUD35Tq2d8qcJ5uNsB4Q,1,11540321623,20000,20000.0,-1
658,marx26JPy1eBYjeyoyZgG7VP15wbmvegrztqLbXS7Gi,9,10642235594,81000,9000.0,-1
2702,9MofJcQMXe6SFq3GRTw5xVgdptbDWVZhn74BtRMR9eUm,1,10094948000,15000,15000.0,-1
1082,R3XCnEWFFkpiBjDd1fSoF1j7ArbdXaNzmXcgdsqoawe,1,10000000000,1339017,1339017.0,-1
3301,EEbA6Qibqjp3FgF88EGVMoXKMGJtmixAPtYuweQ1xUS5,1,10000000000,15000,15000.0,-1
1693,7C15pzKrnobSwgNfmSbB2cCEcVRqaFYB48pqoEynra6w,2,10000000000,10157258,5078629.0,-1
707,5Z7Jscwdu4EjP9XjqQzbwxBUxYnfv3ruJvVjeZ8ZLvC2,1,10000000000,505000,505000.0,-1
1302,EJbkcb9sqsdcxosKFZexPrPwB9vtee3PbwCLhpMQxs9N,2,10000000000,6010002,3005001.0,-1
4233,3871SGCdYVD4uQTKExPxgaJQr87a3HZEvhjgbBkhyBbX,1,9999999994,2625052,2625052.0,-1
4080,9KdzZjHSRj9tB66n4ryohKMjQd9n34A6bApgw6pGZViF,1,9900000000,15000,15000.0,-1
660,2ShHCRYe4stqdLQ4dax8ERX9RhoeDPT6NCcXjzufeUuX,5,9500000000,75000,15000.0,-1
1563,D4LsvTHe6NbU7dTspNpPM1SNrPVKh3RtNULX77paSBxQ,1,9242734528,15000,15000.0,-1
3251,6jF8aqHL92hmG6utMEFesWmzSeRLPB9yq916kaLTsiXE,1,8400000000,4955000,4955000.0,-1
4081,EyytAKhNcMiN2Jwp8ezM6SZGmr3vqEcArjaJCWb9pXkJ,1,8310572426,15000,15000.0,-1
1655,7Buho8aZsXGV61enKhJTGt4G29AZoqUDJRmisatTsRsK,1,8309376209,15000,15000.0,-1
3362,6P8fsUz1X6BkLzUf2hc9AaXaL1k4vVxBgGR69v8HQ7NS,2,7896400464,10000,5000.0,-1
1130,FEmAATFSModHLzSpRHhBa3v8Xtc4TpCvKTQn4gv59C5o,2,7217868201,14000,7000.0,-1
509,DPboaZSUB2N2Rxiqr5BGVUMLzcUnCk1WAG1Fxz7QXpda,1,7131919064,10050,10050.0,-1
882,AeBwztwXScyNNuQCEdhS54wttRQrw3Nj1UtqddzB4C7b,7,6167781891,14499386,2071340.857142857,-1
1772,8dnq7iwPig97WeaminFihUWHKKnYhR49JWxDxKU4yjg2,1,5999398000,605000,605000.0,-1
3212,6U8GwhmPSGooRokA1b2HhCGLWwKPQ17vk8V53KTdMavg,3,5974046817,18000,6000.0,-1
1785,5MxQADGw3tks88TJmX2oGRWh6YSvYTfvx5NGXGXYAiGb,1,5800007000,210000,210000.0,-1
2868,ATGcnM4fM8rDntS8rvZgjZqwdJV8LuSZZhyRf3bMXxJn,1,5797998000,2005000,2005000.0,-1
1124,BKgZ3SAdmJ8ubmL9KRYh3PKGWyEA44gc9cksrq8FfxSG,1,5480402883,7000,7000.0,-1
1990,E8k1vRu288uysxkk1BC7m2rstEayP6wpwrnvhkFouwty,1,5000000000,1828040,1828040.0,-1
2905,J8ezGmvTyG7se5PmU1tcdE2tawDbQw8kvd1TWwLYTf5d,1,5000000000,98757,98757.0,-1
3348,Bzm95iAE3KJzUZgJaLt5BWoKcNanNCPyZaB8F5J7Z3PG,1,4999999983,4436561,4436561.0,-1
1854,5s23qfuphq5NkTnUbjzRH2xBXncqCDrhh96XgiUyafZy,1,4999999981,5010001,5010001.0,-1
2698,6DJf1KYFytboLKm14BfeeDT3X8bNnKtaQpDV3QRKcVMH,1,4997107120,2005000,2005000.0,-1
4486,CsqXcFiHHeY5rEAch8R9t5CSEiykwtDN8995ZHWgxE9B,2,4977039280,40000000,20000000.0,-1
3655,6enuLKdx4wPstnd5BpPAxR1kKAjLxo5k6oHaD5zTdcQP,1,4500000000,2190154,2190154.0,-1
2207,AobVSwdW9BbpMdJvTqeCN4hPAmh4rHm7vwLnQ5ATSyrS,5,4443620624,55000,11000.0,-1
3334,77hxv97TUC4RAm7yC2AjAVqxoYqhxvoWgcUPknREQMj3,2,4296786950,1098550,549275.0,-1
3550,1D4V2Zd6T3wxYWrCTGDrdHH4Wt7v3hQ1kaNWPE6ownP,1,4016787270,2415000,2415000.0,-1
4117,3YhSdT4BHz1BVfcubmmfQSsr8dTZcpMMiCuuScMLmmtP,1,4000000000,986262,986262.0,-1
3871,2XJ1NDbjNy5ferGCigUQLWBJeuAkePpViSTtSraZkUEp,1,4000000000,1097766,1097766.0,-1
574,HWEoBxYs7ssKuudEjzjmpfJVX7Dvi7wescFsVx2L5yoY,339,3265087410,1695000,5000.0,-1
2337,G2YxRa6wt1qePMwfJzdXZG62ej4qaTC7YURzuh2Lwd3t,3,3261313800,7245000,2415000.0,-1
1114,DdFX5aBeiAC5vRwwzLxk5LUXTVELbWbtabhnNPAh2v3C,4,3158147350,106000,26500.0,-1
1398,2AQdpHJ2JpcEgPiATUXjQxA8QmafFegfQwSLWSprPicm,12,3083699345,2460000,205000.0,-1
721,87LNnjXGDC2GrXU9K5SJKErZ1PYZkKtVyNRviujeifn2,2,3022039280,100000000,50000000.0,-1
720,A8kDJVoZE8TEE7mLCMWBcVJ6uXU1hmtNDRsQw9GEZyne,2,3022039280,100000000,50000000.0,-1
1328,A94Ambc1oTDeYcV6wyEYYaJQyNgX3A8Fd8VsJfkjoiQn,4,3001799983,1825000,456250.0,-1
2326,3n5jwCd1xc8fN5L84LmEdEevYJoKpoEL6EYiACwFDP6F,1,3000000000,740737,740737.0,-1
836,5zGETK9DBZpyq8MdmHyeeZxreD1He3zGZkfrVTpyZj7g,1,3000000000,1175921,1175921.0,-1
3357,6r6iwNt2t2nBAmWzM1i4j1B8d7B44iHZiuGEyasooEbA,1,2999401000,605000,605000.0,-1
2327,DhxMofoZtgCDwjzmAHZzsjcWiDv1zoKUB8gfhMd76qM5,1,2919753111,1827889,1827889.0,-1
2933,BzhXZTeJz5hnJjsSVXDUeVVEiMJzGSQj23an2uCRbnCP,1,2498089726,1910274,1910274.0,-1
678,6qkh2JcHt3ctFeiL4HBn1e9NU5aPw25XNhtgEv6ZCJ4U,1,2159285250,2405000,2405000.0,-1
3545,Biw4eeaiYYYq6xSqEd7GzdwsrrndxA8mqdxfAtG3PTUU,2,2038595000,4134784,2067392.0,-1
1835,HaBWrk7YEMiuPcsnp8kN6bACXEWe64YdGL1V8LbiAeXL,12,2007411422,1320000,110000.0,-1
2888,H1Zi1Fcftq2Rp9eCb5speyxdi3SRVtZhwedW6m7RhTj6,2,2004039280,4000000,2000000.0,-1
2932,FPE5KgMTnDTt3qjZr4ctHLjtzP26ZstjZwBARLi2JQRu,1,2000000000,1642287,1642287.0,-1
3046,J2ApUNn1G4UV1stoCii3vBEKCWeJK6seAMv2yd4cajYJ,1,1999999974,4010001,4010001.0,-1
1409,3viRrf8Dusyyw12vvVqqywPopXCZ6uBojo3pXqiqgHzV,2,1699999995,4747641,2373820.5,-1
1415,4revToJgsDHNapqownW1zTDFP1Hrh8HRpXBEh4CrnMWz,9,1497300000,90450,10050.0,-1
1262,5Kz27d8TYrwpch6CHxbzK1zkDDcwnz2w8jSP6QCrh668,1,1461556691,4005001,4005001.0,-1
2120,2MzNrZ9sok4MJBcc5UDwp4cK5NUz3mbaELbHNk68aYNi,1,1446192962,2005000,2005000.0,-1
2336,H3aZbPJV9qLGP9E3rTSE3oxEWKYKNiH2LuLgV7Q4TDRr,2,1200000000,3765592,1882796.0,-1
4108,HL8K4ikWGQyn4dDfxjDntfufDyje7cLhikw8oVFSYfZm,1,1147578472,2436796,2436796.0,-1
3875,u6PJ8DtQuPFnfmwHbGFULQ4u4EgjDiyYKjVEsynXq2w,2,1135285180,8020000,4010000.0,-1
874,DhEsUaJkT1DzkFUWLCkU21VruJQZk1es4zBRhU9QjK9R,9,1122886257,45198,5022.0,-1
1270,Axv4VYQxEKtBQVfyAWqdGKyDd7Eq9hn6Rt2vXaAkhsDM,6,1095000000,36030000,6005000.0,-1
2700,8JWVtS21nfQddQR5thDQ8bL5ykHKAGLcYSdR3uQqBvoG,1,1059000000,4005000,4005000.0,-1
4314,A77HErqtfN1hLLpvZ9pCtu66FEtM8BveoaKbbMoZ4RiR,2,1048230700,4020000,2010000.0,-1
683,A1uFrTbHxR1sAC4A5RsZyQ22ekEzMn3XXeQEsPZ3PnQg,26,1035310044,130000,5000.0,-1
685,7oPG3Tdgvp76J4DtA92TDipRE9sSuXdvDYgBsoucuT3c,22,1019150392,110000,5000.0,-1
2000,8CujfavJhsBjHdbCR1Dj1cgBhoMEKnZeVzD2WYQ4x6Mh,1,1000000000,100005000,100005000.0,-1
3350,7RAnzoxvT5fDcnbvqV4PvqQPtsng6thTw9i1ePSQGTAe,1,999999988,4010001,4010001.0,-1
833,DzegYFeg2rhvHdRPpUd7V1t9HmgWxNLNQLW1oCG9RNGn,1,999999981,4010001,4010001.0,-1
23,7sDgzzETS1y2BgMAy2678i29aJDJvd2FkAyEPX7SA66A,15,760700000,86250,5750.0,-1
604,95cfoy472fcQHaw4tPGBTKpn6ZQnfEPfBgDQx6gcRmRg,20,602857670,100000,5000.0,-1
1255,9iUfnZznjgGWhmLcufeurvnSGivYNuTeH9n7pUWne4hp,1,599999975,2343042,2343042.0,-1
4419,515vyCHJY6AwxgPV6kjWcyiYKkrzMt8njajgQUPEGRce,1,500000000,2627919,2627919.0,-1
770,EWfsrKr79BBPjf2522PYFUi57q89Da1f2gAWHStz7tRN,3,494997430,6123023,2041007.6666666667,-1
3760,HXGV9Eq9Hh7xYLbDMp3btftaWNMLtPARRTPKDBm2FEqL,1,453947343,4010001,4010001.0,-1
583,DWefypurz5psZ4b1pBcW23pBKtiEpXjddZ5oeLU2pF1e,19,432043721,95000,5000.0,-1
1333,4Mkueg6iXCayBidCF9APg9fL8EDGe2FKyEJATuWT3dW7,8,172000000,24040000,3005000.0,-1
3347,F41o1pCnUk5txFYuGVmLamwfLq6SzqftW1rWcUYBGS4Z,2,166000000,12010000,6005000.0,-1
667,5d8tDay1ZDV4XVUBtTvFvQiLxDe8dz2ZCdsrkmTDcbm5,33,165000000,20639021,625424.8787878788,-1
159,A49EGR8oCQrbdLzyub1kAYnyGDVB2igbDct8PotjayHV,15,140555000,108750,7250.0,-1
2162,3rK2JNR9oqXST8GCMe49L3u54WHtzimDwi1cjYMZuNmz,2,124103640,22010002,11005001.0,-1
3451,CsZu3wM5uxCj85fznXbJ6pmDgLdN6He6v3sV5Jt4MmGC,2,105727881,30010000,15005000.0,-1
887,DXMU5Xgs8Wc3qUKSSWwEv4mVnf1aEZ1FHL6JSQGjgo5,88,105600000,484000,5500.0,-1
3302,627kcKByJQAJEUqzNnUDYZa725i7L1iKqmmPs3AdChKs,2,105000000,260010000,130005000.0,-1
840,5gStsf76Fr3uqPJVZM1xNFqSn6bLDC8VAEUFvsty7hfZ,1,100000000,8005000,8005000.0,-1
1256,Y8e95Q1YSFhRqcZt99KDUTW1WRa1Zr86weZBmkUfczH,4,96500000,11525070,2881267.5,-1
4232,7KV2NJ1VqdiLs7WzhurRchPy5jChtLqQ97FeoRBseaGT,1,75000000,50000000,50000000.0,-1
3228,2eNPY86oUZjsqNCZ1gPYPgSGMh4M4FnbkHCyFad3QQ6x,3,71000000,68879000,22959666.666666668,-1
3222,BV6kP32FooFyQ9JrMQdzQSUTPk6UWLV6UG8qHYghU1Ln,2,56000000,12010000,6005000.0,-1
3082,63Z4yBdXzapnaHSE8YNSSYYo5FdxyGAaQ1TS9p9SjmTC,6,55666183,54038742,9006457.0,-1
3022,BpJVEEGMdKAg2cNhVLsB28ZgmsEPqthVM8jC8YBtpWEs,2,49584987,12010000,6005000.0,-1
1984,3YgELAz6RNbuTHaG7dSVy5sGmsVrDcmYEeGG3t2UHKDi,1,45000000,10005000,10005000.0,-1
730,ESZERcwH15AHRVyeapZer1xFQqb11JyhYuEjPukHvBge,8,42464120,4758239,594779.875,-1
1049,J1BGJnefFbnsiScE5SmCjGw5Qcn9eX7xUDAFmAmvqbcz,40,40000000,220000,5500.0,-1
2994,5nw2yhZJGKcz5r6dvM9ZNRKaZan7vpvEDrQpCS1bit3c,1,40000000,10000000,10000000.0,-1
1998,DQkZMKqG8k9rx2kn3TkBmAhUrragFCAGgMFJSBaEfuRN,2,40000000,40000000,20000000.0,-1
3468,81Hp4AReBPTsKump6R4rXed9xUq1WWScSnSSWn4cGvGs,2,37500000,15010000,7505000.0,-1
3579,G9vsMe82sLb7RqPr2MzEECSvfXkFuyTdhSufSinV533X,4,33462851,24020000,6005000.0,-1
2159,GSqdXVePdGpNDHZwvBSTEnQx883KtTcfe3qG9REzmKiz,4,28667385,30020002,7505000.5,-1
2018,Dr9jvMaMqgQzWPHodHveiESv6dnFKLPFVUrLgYkiUPps,2,26000000,12010000,6005000.0,-1
1101,6Xm4jQj1tE793D6SJ75zR8o4vwPzLsxWCQeBh1WqeYQY,2,26000000,12010002,6005001.0,-1
3570,HeaPMVa4M9GL1p1FJ2yTXzHb21jAd9y9WiFHhgLkbbPf,2,26000000,12010000,6005000.0,-1
1566,APnChT91ydX134fiaCCG8S2ekDnX8uEMEoGZi4PcLZtX,2,24286689,38581428,19290714.0,-1
846,8sUvWbJ6SK6Yzin7yY2a1QDH5HWMsueETaVSYmGVVsQN,4,23000000,22020002,5505000.5,-1
1999,BXzt4pJDBYe1GfdUz5GqBkNQfNaQbUXNPAokXcP7yNYW,2,20000000,40000000,20000000.0,-1
2211,3nz3wMZUyHCpCLs6BSPHn5ZHXUPTfgxihFgHxC7mN7kW,2,19498771,12010000,6005000.0,-1
788,ApZ2u9aL3mdPWe3qoC53VhSTK4npJeHrgJXM1yUWSTq5,2,19285806,18581428,9290714.0,-1
3113,GCRG31aHX6yx18uGGNjhfFm36pjkdaCpqHzosS4kMKHR,2,19001993,18012914,9006457.0,-1
79,G2fbcmjMAuwaAaJjJdohc7hk7Df2raM6tpKAvwUVVran,20,19000000,110000,5500.0,-1
3379,8ci2iLEnLKVAofHm5epFVnREZoU4X5fFxnTNvyFQ6m3D,4,18186847,24020000,6005000.0,-1
3100,7XBqnsW5WjMzFG1dRDfvP9jkyJ1U9TyEBsg6iKaNizLs,6,18000000,18030000,3005000.0,-1
1401,4SWPYiatG2mSdL3riFaMn9o6PJSBKqrGshuTNvUmaUaM,2,17317462,13581428,6790714.0,-1
2044,3D6jeekBmHz2hLg8vqUgAaSu4kEpEg4EnCZ9irWHQRsW,2,16502226,13012914,6506457.0,-1
1341,8nkypNqyhJXeuJq8X8F5mgCg8Mo9BJBdvd5CrVF8ZGKU,4,16000000,16020000,4005000.0,-1
579,8qfwJitH7zb93dzgNzTP4SsQ6BBk15MrmsPkhsRYWvF4,2,15952846,20010000,10005000.0,-1
601,DB3rVRXyjp4gkeT5ZGdWApNKWkh6oyuSMqdUxF4M2LGZ,4,15181242,24020000,6005000.0,-1
2119,GTKvfSjsDNu21u2m4KVgWd3eAMeD4mALWmpA291Uv911,1,15000000,6005945,6005945.0,-1
4386,8z4wYumbUAXbSU34134R1ApzgirznTdBDk32XxgrXtwd,1,15000000,35010000,35010000.0,-1
741,A5gVRXBiPnu6fhaHjJfHmxLMzoNrhY4pA8mNmT5iraer,4,14000000,24020000,6005000.0,-1
763,GWWz5riupDt9sTZX1iaW1S77ag2tBxZpsPpgkEcvbSha,4,13382725,24020000,6005000.0,-1
1979,BEgcLkVZU4gZTycbtShgUbTP2wrjRZyhLv36TZ9RNCFX,8,12418438,24040000,3005000.0,-1
995,BSwyoh3gTjGfaNwLMjTXMmLz2EiNVgCVaiExphcmk3u8,2,12127001,13581428,6790714.0,-1
35,oQPnhXAbLbMuKHESaGrbXT17CyvWCpLyERSJA9HCYd7,310,12114955,1550310,5001.0,-1
2056,4JuXPL5FBdHMwZnT3bJPRqG1zjWU9zw53eCw1VH678zA,2,12001919,18012914,9006457.0,-1
4128,A92gCiQfitMghuobtuqFVbSuH6X3Mx9wGxkUmqukfPiM,2,11002123,18012914,9006457.0,-1
2208,5EBADQD5THazBauPcNiGZ12MJfdMz6BDBeMtya95m9Ux,4,11000000,16020000,4005000.0,-1
868,7hknqT3czRQc4fk4JMweQFNVv3mspuFxEHi6HDVJSf6X,2,10500000,15010000,7505000.0,-1
3230,p86ir5yFxHmLvffsWLk2BDrLcWUQEAZHytGuS7g6Vho,2,10450931,14410000,7205000.0,-1
3807,HbxY4qVrKftfsKiMQ5wPvRLKUMDTRBrVRhBLv6mDzcF8,2,10100000,20010000,10005000.0,-1
2433,AUGVoc2q5ZpzpQTb5C54AUnZ8sikNVzzP9W9cHpqa52A,1,10000000,20000000,20000000.0,-1
3278,C6izxaGTcMLikDG5NtZB7FxrB4qV69JDjT5YsoXnV5DV,6,9206793,18030000,3005000.0,-1
4133,GRYoDU9z9REvpabmmev9A9W5cNS4ruNBTjTboKD89WUn,2,8720351,13012914,6506457.0,-1
3802,GgiFtwKKAD73bSQtvRjyCSSvw4a54kAbXDH9cfhMCEXu,1,8716743,8005000,8005000.0,-1
943,4ydZwBQ8vLPEHKDHd8UypcpQthnAS7t1JUrcoBTKNEbu,2,7607058,13581428,6790714.0,-1
586,xx3nK3x3MCpYxgZsgRQPFoucfewJhFk2EUqysgQ9hAm,53,6466528,265053,5001.0,-1
64,LUKAzPV8dDbVykTVT14pCGKzFfNcgZgRbAXB8AGdKx3,58,5487825,290058,5001.0,-1
309,7BeWr6tVa1pYgrEddekYTnQENU22bBw9H8HYJUkbrN71,19,5107656,95000,5000.0,-1
3938,2wozcovU3cfNVxA4QyeeJJHNqYtzYVFh2xpgDiTs9EKY,1,3439208,8005000,8005000.0,-1
2705,TJ5p8yGx1LAotZ7vBMYbAmvFE7VimyLAdvxL1Epkwdq,1,3340305,15000001,15000001.0,-1
587,mooaVDhCapdaDQAMJ6m9bkR7SpjmDJZpZTCn86UUvnn,38,3002298,190038,5001.0,-1
1248,Dfvnn12zSbp2wvcvc8Xw7sFwmVuEmP1YD9eqi9Y1D6Nd,1,3000000,7010000,7010000.0,-1
863,78vtDq1wU3P6VTosfxQDKEwn8beEwFtwa6i3CAmfYjxy,19,1710000,1995000,105000.0,-1
606,btc3jyYcTGNtnzs5y6uKtZnL12tHCyfgnj3wFjqFRrF,21,1365215,105021,5001.0,-1
866,gmyoXkwG6fvmEF6rooEJA37jXXX45tcJ6ZhKK25wd1D,21,948416,105021,5001.0,-1
588,EgJ1xvRn6VAZKtWAYnrSYsrCwSEsjx9ky85sXUPpykpX,553,553000,19295200,34891.862567811935,-1
576,fLiPgg2yTvmgfhiPkKriAHkDmmXGP6CdeFX9UF5o7Zc,3642,364200,19321644,5305.2289950576605,-1
2160,popGcZwH7A8dra8kmusMUR3sTvEjQ8GWDaAKsMH43Hr,17,363983,85017,5001.0,-1
575,Habp5bncMSsBC3vkChyebepym5dcTNRYeg2LVG464E96,3434,343400,18217787,5305.121432731508,-1
1449,Aw8M7W2BnsiGtTKFYaooUBtusM59Q8B5KUFRod9B9oBh,1,273572,10505000,10505000.0,-1
623,Drcwvkoke11pVgMW98chAzNJd9bs5MyU5n3gBj55QHdd,192,192000,6384800,33254.166666666664,-1
15,px1rbjiEWwwcq1epXSsTMJERyQy7h4vg4VopqFz2HwH,71,78338,355000,5000.0,-1
2406,U1nNVadFD5Ug2LgwUeZz5fm4u4KjvTU9U72Hi6sEpVR,52,52000,5720000,110000.0,-1
1141,Ei3AzHz4cRRXANtiGfaNdX1fZ1JW798BhM5k9oQSsRY4,26,26000,510000,19615.384615384617,-1
3446,4YQGQiNBfqEWxP5ernHzraFjc6rwP9SR9m6HRPmk2QM8,19,19000,571600,30084.21052631579,-1
4451,GZctHpWXmsZC1YHACTGGcHhYxjdRqQvTpYkb9LMvxDib,16,16000,80000,5000.0,-1
1967,8Juu8gXPHCKougXvkg3ZY8HdJcBdqFch7hHKjKFNWTFV,18,7717,148732,8262.888888888889,-1
2,FLipG5QHjZe1H12f6rr5LCnrmqjhwuBTBp78GwzxnwkR,1288,1288,6440000,5000.0,-1
75,FLipgewPwNeqvwPFW3CvMTLpHTvuX7BQoXC6xhrWiCR3,1196,1196,5980000,5000.0,-1
76,2sj6yUtdkmX68JY4JvpuBhUjnS9zsrNK369Ee6UMagJB,160,400,800000,5000.0,-1
3,MtarjdmV3gc6cvGFdpqNBEmBywCNQT4Uvq3UpzicJfe,206,206,1030000,5000.0,-1
414,9wMYku5fTTGYtwCP3gavyHF4zA2ru4NpyuZigde2vyyU,57,57,285000,5000.0,-1
328,Dm3Dh8uQUEzidw8ZUhXAYkgPVv1JGGtzo8dAWMRPk6Cm,57,57,285000,5000.0,-1
488,Dj28FebaSsfvq1akmk7iptf7tCzy82HPNVT4RaMyjBAT,57,57,285000,5000.0,-1
78,QCaVjsDMbWRFxpw1e6Sbq9SmPJSxjnHZ2ZbsMCTU9Bc,54,54,278208,5152.0,-1
886,63jXqKLGFsVHn8svyXhTDuTcjUjQvgJPyrmSCV9Yhqg6,40,40,200000,5000.0,-1
77,8Pzx9ccwFssfN6P6Go1ozRE6145tnLh6Mq6DiCHm8N8N,38,38,191748,5046.0,-1
26,3V6UaPLmFh6FJPusNuxkL3aJJh6U1kktKjFSYruN7t3r,19,38,95000,5000.0,-1
369,9H3MfZ5mjuNAFSDdeoU3ZN4awK6Q7vV8jgRwyDsVWVQq,20,20,100000,5000.0,-1
433,AopyACBy5F4vk3WiedCTVvBrPJKV8ryTrakizZNuCdr2,20,20,100000,5000.0,-1
885,DTHMVdPxJWzYc8jGJEBc2sD1XVb478Tn6CMVHCoUFzEp,20,20,100000,5000.0,-1
290,CyBjGpte4Npi5zNkdtWumPxVW4kpMR8BuFSbA587xZES,7,0,24055000,3436428.571428572,-1
71,BJ2ugEkEcPQMwuG7qbujH7XXagtr1ZgFDKKrerCoLGHz,31,0,12710000,410000.0,-1
687,3v7ex5Ty7BMRaV8QnAe36Z7ifRzWKygYM9JgpTPs75dX,36,0,504000,14000.0,-1
1713,FJgV8rj7HqNoPhWkkmZMNe6XcyegKe51JF3BbPVTiWd3,24,0,492000,20500.0,-1
2372,92bXUB6oV2uKEKvdz38RrL5ppkZqk53MWzADxojEZnkE,26,0,572000,22000.0,-1
4353,5Q3tXXmEMxPiSDF3THqaxf4XkWac1B1JNXWGBiB8mYeP,1,0,6255000,6255000.0,-1
